,Date,PnL,Capital
0,2017-03-07,70942.28,250000000
1,2017-03-08,-442293.17000000004,250000000
2,2017-03-09,-217993.05,250000000
3,2017-03-10,-11874.100000000006,250000000
4,2017-03-13,-287963.75,250000000
5,2017-03-14,-52252.46999999999,250000000
6,2017-03-15,-112837.56999999995,250000000
7,2017-03-16,277965.51,250000000
8,2017-03-17,138443.41999999998,250000000
9,2017-03-20,-2795559.6500000004,250000000
10,2017-03-21,-781872.0100000002,250000000
11,2017-03-22,146052.87,250000000
12,2017-03-23,299746.98,250000000
13,2017-03-24,-307910.01,250000000
14,2017-03-27,380086.06000000006,250000000
15,2017-03-28,135925.33000000007,250000000
16,2017-03-29,202520.1500000002,250000000
17,2017-03-30,-175369.19,250000000
18,2017-03-31,-210920.31,250000000
19,2017-04-03,89927.71999999997,250000000
20,2017-04-04,438725.65,250000000
21,2017-04-05,13194.300000000017,250000000
22,2017-04-06,307702.39999999997,250000000
23,2017-04-07,-297796.6599999983,250000000
24,2017-04-10,218961.17,250000000
25,2017-04-11,-670561.88,250000000
26,2017-04-12,-46121.55999999988,250000000
27,2017-04-13,144410.20000000007,250000000
28,2017-04-17,902293.6699999998,250000000
29,2017-04-18,636666.8599999999,250000000
30,2017-04-19,542604.2300000001,250000000
31,2017-04-20,536357.209999999,250000000
32,2017-04-21,-11112.499999999969,250000000
33,2017-04-24,895221.37,250000000
34,2017-04-25,1573455.0399999977,250000000
35,2017-04-26,-633180.209999998,250000000
36,2017-04-27,283325.75,250000000
37,2017-04-28,-1020772.7100000003,250000000
38,2017-05-01,520044.8300000002,250000000
39,2017-05-02,421776.4900000001,250000000
40,2017-05-03,-950305.9100000001,250000000
41,2017-05-04,-2083294.2000000002,250000000
42,2017-05-05,-23135.979999999996,250000000
43,2017-05-08,474025.7200000001,250000000
44,2017-05-09,-788501.6200000001,250000000
45,2017-05-10,-1623679.9100000001,250000000
46,2017-05-11,-1002030.67,250000000
47,2017-05-12,357531.43999999977,250000000
48,2017-05-15,492961.07000000007,250000000
49,2017-05-16,-89445.71000000005,250000000
50,2017-05-17,-465405.2399999981,250000000
51,2017-05-18,33495.93000000022,250000000
52,2017-05-19,-24573.329999999958,250000000
53,2017-05-22,-59993.33000000098,250000000
54,2017-05-23,-1455410.3699999996,250000000
55,2017-05-24,-484655.38999999984,250000000
56,2017-05-25,-863439.42,250000000
57,2017-05-26,-889194.9900000021,250000000
58,2017-05-30,410086.83999999973,250000000
59,2017-05-31,3016156.9799999795,250000000
60,2017-06-01,-1313811.44,250000000
61,2017-06-02,-898410.7699999999,250000000
62,2017-06-05,387444.3,250000000
63,2017-06-06,-416825.78,250000000
64,2017-06-07,-750103.1600000006,250000000
65,2017-06-08,348567.5900000007,250000000
66,2017-06-09,38511.650000002,250000000
67,2017-06-12,1731119.73,250000000
68,2017-06-13,193965.62,250000000
69,2017-06-14,3184235.59,250000000
70,2017-06-15,-214331.81999999995,250000000
71,2017-06-16,-31243.749999998137,250000000
72,2017-06-19,1390674.5100000002,250000000
73,2017-06-20,2183274.79,250000000
74,2017-06-21,-578910.6299999988,250000000
75,2017-06-22,2317994.34,250000000
76,2017-06-23,1855259.58,250000000
77,2017-06-26,1020371.19,250000000
78,2017-06-27,151975.05000000005,250000000
79,2017-06-28,52756.72999999974,250000000
80,2017-06-29,-3819254.110000002,250000000
81,2017-06-30,1604114.61,250000000
82,2017-07-03,-2410986.95,250000000
83,2017-07-05,1038284.3600000001,250000000
84,2017-07-06,1317071.5399999998,250000000
85,2017-07-07,-421027.47000000003,250000000
86,2017-07-10,1995740.7299999977,250000000
87,2017-07-11,213303.71000000002,250000000
88,2017-07-12,789345.94,250000000
89,2017-07-13,1433480.7000000004,250000000
90,2017-07-14,232047.9500000001,250000000
91,2017-07-17,-197695.98999999996,250000000
92,2017-07-18,-341824.76999999996,250000000
93,2017-07-19,124902.03999999899,250000000
94,2017-07-20,240374.14000000202,250000000
95,2017-07-21,1739105.56,250000000
96,2017-07-24,347150.79999999993,250000000
97,2017-07-25,439866.0500000001,250000000
98,2017-07-26,957464.59,250000000
99,2017-07-27,2140199.8200000003,250000000
100,2017-07-28,-805243.1800000003,250000000
101,2017-07-31,2083087.2999999998,250000000
102,2017-08-01,1506708.6099999999,250000000
103,2017-08-02,-1178639.120000002,250000000
104,2017-08-03,-2765281.94,250000000
105,2017-08-04,-1070336.8699999992,250000000
106,2017-08-07,773136.99,250000000
107,2017-08-08,-8050854.70999999,250000000
108,2017-08-09,-11902.600000000026,250000000
109,2017-08-10,520472.00999999867,250000000
110,2017-08-11,3048528.330000002,250000000
111,2017-08-14,14536.909999999945,250000000
112,2017-08-15,131824.55999999997,250000000
113,2017-08-16,105940.80999999937,250000000
114,2017-08-17,899787.3799999971,250000000
115,2017-08-18,-235347.9199999978,250000000
116,2017-08-21,-1544821.9699999997,250000000
117,2017-08-22,409192.26,250000000
118,2017-08-23,359882.43000000034,250000000
119,2017-08-24,2800929.1199999973,250000000
120,2017-08-25,1676478.6399999978,250000000
121,2017-08-28,-2312251.139999998,250000000
122,2017-08-29,334815.2499999988,250000000
123,2017-08-30,-163733.60999999972,250000000
124,2017-08-31,579876.8399999986,250000000
125,2017-09-01,-81995.22,250000000
126,2017-09-05,1262637.6899999778,250000000
127,2017-09-06,-669718.5,250000000
128,2017-09-07,3696331.2399999998,250000000
129,2017-09-08,952080.630000003,250000000
130,2017-09-11,1344415.92,250000000
131,2017-09-12,-1331200.1800000002,250000000
132,2017-09-13,253684.57999999993,250000000
133,2017-09-14,-1191985.4999999986,250000000
134,2017-09-15,1181646.1700000002,250000000
135,2017-09-18,594288.9900000001,250000000
136,2017-09-19,1397132.84,250000000
137,2017-09-20,-387937.51000000007,250000000
138,2017-09-21,-492779.40999999986,250000000
139,2017-09-22,494617.72,250000000
140,2017-09-25,-7115.089999999915,250000000
141,2017-09-26,788523.3000000002,250000000
142,2017-09-27,616725.569999999,250000000
143,2017-09-28,410965.0700000009,250000000
144,2017-09-29,1220788.6099999975,250000000
145,2017-10-02,1314960.85,250000000
146,2017-10-03,-397098.70999999996,250000000
147,2017-10-04,2362674.5600000024,250000000
148,2017-10-05,-673564.7700000021,250000000
149,2017-10-06,461973.3500000019,250000000
150,2017-10-09,305753.13999999943,250000000
151,2017-10-10,858791.2199999997,250000000
152,2017-10-11,-423253.2100000002,250000000
153,2017-10-12,-76731.95000000001,250000000
154,2017-10-13,165509.31999999972,250000000
155,2017-10-16,-1483680.5900000003,250000000
156,2017-10-17,1529240.1100000006,250000000
157,2017-10-18,-458790.03000000014,250000000
158,2017-10-19,-522203.53000000026,300000000
159,2017-10-20,-917513.7699999998,300000000
160,2017-10-23,1258702.2199999997,300000000
161,2017-10-24,969250.4599999979,300000000
162,2017-10-25,-758373.0600000003,300000000
163,2017-10-26,-1442239.1599999995,300000000
164,2017-10-27,-491545.3400000017,300000000
165,2017-10-30,31621.899999999892,300000000
166,2017-10-31,-1545622.3400000003,300000000
167,2017-11-01,254257.39000000036,300000000
168,2017-11-02,-6233795.97,300000000
169,2017-11-03,2576024.2800000003,300000000
170,2017-11-06,-1050692.790000001,300000000
171,2017-11-07,2549510.049999999,300000000
172,2017-11-08,-3977450.9999999995,300000000
173,2017-11-09,2091867.319999998,300000000
174,2017-11-10,1368361.2299999988,300000000
175,2017-11-13,-302953.59999999695,300000000
176,2017-11-14,-1292058.8999999978,300000000
177,2017-11-15,1320759.0,300000000
178,2017-11-16,1060313.4400000013,300000000
179,2017-11-17,1395533.1900000004,300000000
180,2017-11-20,-1198582.75,300000000
181,2017-11-21,-2037228.8999999983,300000000
182,2017-11-22,1642683.5,300000000
183,2017-11-24,-1302173.4499999997,300000000
184,2017-11-27,1047231.8699999987,300000000
185,2017-11-28,243844.39999999997,300000000
186,2017-11-29,-1030353.2799999992,300000000
187,2017-11-30,-580313.4399999989,300000000
188,2017-12-01,-4071470.1000000006,300000000
189,2017-12-04,2442444.5399999986,300000000
190,2017-12-05,-229498.26000000225,300000000
191,2017-12-06,3549500.81,300000000
192,2017-12-07,-3690100.6099999994,300000000
193,2017-12-08,-212181.55000000054,300000000
194,2017-12-11,-209454.6400000002,300000000
195,2017-12-12,-24797.059999999696,300000000
196,2017-12-13,871041.7499999994,300000000
197,2017-12-14,-2654881.89,300000000
198,2017-12-15,1279620.359999997,300000000
199,2017-12-18,-2015992.63,300000000
200,2017-12-19,873908.88,300000000
201,2017-12-20,675547.9100000004,300000000
202,2017-12-21,1001932.35,300000000
203,2017-12-22,402457.39000000013,300000000
204,2017-12-26,-2286894.279999999,300000000
205,2017-12-27,292765.98,300000000
206,2017-12-28,-564402.2800000003,300000000
207,2017-12-29,1087575.2199999995,300000000
208,2018-01-02,6183332.040000001,300000000
209,2018-01-03,257944.8399999993,300000000
210,2018-01-04,-294203.86000000086,300000000
211,2018-01-05,572243.36,300000000
212,2018-01-08,911462.3200000023,300000000
213,2018-01-09,-1622099.8600000008,300000000
214,2018-01-10,-304155.5399999992,300000000
215,2018-01-11,333643.32,300000000
216,2018-01-12,-1184761.04,300000000
217,2018-01-16,271227.9899999971,300000000
218,2018-01-17,-212919.21000000043,300000000
219,2018-01-18,-1670419.3299999982,300000000
220,2018-01-19,1342832.6399999994,300000000
221,2018-01-22,-1292232.2199999953,300000000
222,2018-01-23,-3345040.5499999975,300000000
223,2018-01-24,-2067084.8599999999,300000000
224,2018-01-25,-752331.1600000001,300000000
225,2018-01-26,19895.02999999871,300000000
226,2018-01-29,-4303000.2,300000000
227,2018-01-30,544663.9400000009,300000000
228,2018-01-31,-662392.1900000005,300000000
229,2018-02-01,-1010243.3799999966,300000000
230,2018-02-02,-977573.98,300000000
231,2018-02-05,-603601.2400000007,300000000
232,2018-02-06,-903526.8799999983,300000000
233,2018-02-07,176865.62000000034,300000000
234,2018-02-08,-2244451.1799999992,300000000
235,2018-02-09,2344389.0199999996,300000000
236,2018-02-12,1456655.6599999992,300000000
237,2018-02-13,-1830980.589999998,300000000
238,2018-02-14,-3376491.799999997,300000000
239,2018-02-15,1496144.6199999994,300000000
240,2018-02-16,-172550.53999999992,300000000
241,2018-02-20,-553154.479999998,300000000
242,2018-02-21,-1608177.5700000017,300000000
243,2018-02-22,2645480.1599999988,300000000
244,2018-02-23,2783694.1199999996,300000000
245,2018-02-26,725596.3900000002,300000000
246,2018-02-27,150889.28999999803,300000000
247,2018-02-28,-1031739.4899999998,300000000
248,2018-03-01,-2999875.3000000017,300000000
249,2018-03-02,-3664032.5899999985,300000000
250,2018-03-05,-573496.6800000016,300000000
251,2018-03-06,-768712.6400000021,300000000
252,2018-03-07,-551155.0099999991,300000000
253,2018-03-08,1348963.4700000004,300000000
254,2018-03-09,-164384.45000000074,300000000
255,2018-03-12,1612850.7199999997,300000000
256,2018-03-13,3557780.689999999,300000000
257,2018-03-14,-123335.00000000019,300000000
258,2018-03-15,-1091302.6400000006,300000000
259,2018-03-16,1697968.2699999998,300000000
260,2018-03-19,-757085.6499999989,300000000
261,2018-03-20,-1020497.6199999999,300000000
262,2018-03-21,1105649.2799999984,300000000
263,2018-03-22,-294756.0200000003,300000000
264,2018-03-23,1102455.68,300000000
265,2018-03-26,-653716.5400000003,300000000
266,2018-03-27,2685583.650000002,300000000
267,2018-03-28,4326977.59,300000000
268,2018-03-29,3432047.8499999978,300000000
269,2018-04-02,-1769071.800000001,300000000
270,2018-04-03,1172489.3100000003,300000000
271,2018-04-04,2203922.829999997,300000000
272,2018-04-05,-1193913.1899999992,300000000
273,2018-04-06,-1748917.769999999,300000000
274,2018-04-09,-3501945.319999998,300000000
275,2018-04-10,2455671.129999999,300000000
276,2018-04-11,443657.90000000136,300000000
277,2018-04-12,-1542594.53,300000000
278,2018-04-13,-1251731.0100000002,300000000
279,2018-04-16,319296.57999999804,300000000
280,2018-04-17,-3782.1300000043993,300000000
281,2018-04-18,-637791.1600000001,300000000
282,2018-04-19,-2776498.239999999,300000000
283,2018-04-20,-1173833.160000001,300000000
284,2018-04-23,1354830.3499999999,300000000
285,2018-04-24,606549.6599999983,300000000
286,2018-04-25,166635.01000000007,300000000
287,2018-04-26,1779470.0099999998,300000000
288,2018-04-27,-1379533.16,300000000
289,2018-04-30,1200511.8199999952,300000000
290,2018-05-01,1705476.779999998,300000000
291,2018-05-02,-538880.5000000008,300000000
292,2018-05-03,217276.9299999981,300000000
293,2018-05-04,1717065.3300000024,300000000
294,2018-05-07,-1169490.890000002,300000000
295,2018-05-08,-130113.0500000027,300000000
296,2018-05-09,2411757.5300000003,300000000
297,2018-05-10,2132999.8199999984,300000000
298,2018-05-11,1855066.2000000002,300000000
299,2018-05-14,-346621.10000000003,300000000
300,2018-05-15,-3526938.69,300000000
301,2018-05-16,-1674343.6499999992,300000000
302,2018-05-17,-4971219.89,300000000
303,2018-05-18,-750810.9700000001,300000000
304,2018-05-21,425036.93000000046,300000000
305,2018-05-22,1200587.399999998,300000000
306,2018-05-23,2826.090000001013,300000000
307,2018-05-24,-59523.0599999999,300000000
308,2018-05-25,97912.71999999983,300000000
309,2018-05-29,-1845451.4500000007,300000000
310,2018-05-30,-2228634.8499999987,300000000
311,2018-05-31,40779.97999999641,300000000
312,2018-06-01,-852416.1299999991,300000000
313,2018-06-04,-2150970.260000001,300000000
314,2018-06-05,521365.3099999996,300000000
315,2018-06-06,743038.8799999977,300000000
316,2018-06-07,-189813.53999999925,300000000
317,2018-06-08,-1811663.23,300000000
318,2018-06-11,-210286.68000000075,300000000
319,2018-06-12,-448513.8999999978,300000000
320,2018-06-13,-313247.03999999806,300000000
321,2018-06-14,1003999.96,300000000
322,2018-06-15,113289.56999999925,300000000
323,2018-06-18,-2128552.490000001,300000000
324,2018-06-19,-7058831.42,300000000
325,2018-06-20,-680401.72,300000000
326,2018-06-21,-4048053.839999997,300000000
327,2018-06-22,2458054.69,225000000
328,2018-06-25,-485954.89000000147,225000000
329,2018-06-26,968105.2199999996,225000000
330,2018-06-27,51373.54999999967,225000000
331,2018-06-28,-729957.7299999994,225000000
332,2018-06-29,1866487.11,225000000
333,2018-07-02,778227.7300000024,225000000
334,2018-07-03,-470619.5700000006,225000000
335,2018-07-05,1658658.9800000002,225000000
336,2018-07-06,225419.05,225000000
337,2018-07-09,853370.1899999998,225000000
338,2018-07-10,2359086.1199999987,225000000
339,2018-07-11,-3251.7100000002347,225000000
340,2018-07-12,-828482.4500000002,225000000
341,2018-07-13,482124.40999999986,225000000
342,2018-07-16,212728.31999999983,225000000
343,2018-07-17,-118563.44000000056,225000000
344,2018-07-18,-389632.7599999998,225000000
345,2018-07-19,-292315.7400000002,225000000
346,2018-07-20,-236574.809999997,225000000
347,2018-07-23,176180.0699999982,225000000
348,2018-07-24,1149094.43,225000000
349,2018-07-25,-2087777.8699999978,225000000
350,2018-07-26,-663677.6600000001,225000000
351,2018-07-27,378890.5500000014,225000000
352,2018-07-30,-878823.2499999985,225000000
353,2018-07-31,-708914.440000001,225000000
354,2018-08-01,-1381300.339999998,225000000
355,2018-08-02,-688126.8400000004,225000000
356,2018-08-03,-1082547.4300000018,225000000
357,2018-08-06,-1942483.2600000002,225000000
358,2018-08-07,389156.0599999997,225000000
359,2018-08-08,815978.1699999999,225000000
360,2018-08-09,-742094.9699999982,225000000
361,2018-08-10,122271.72999999792,225000000
362,2018-08-13,-1740641.9900000002,225000000
363,2018-08-14,-866980.5899999997,225000000
364,2018-08-15,-2112527.9400000004,225000000
365,2018-08-16,1485621.0399999977,225000000
366,2018-08-17,-3213827.0299999984,225000000
367,2018-08-20,910969.8799999997,225000000
368,2018-08-21,1384338.020000001,225000000
369,2018-08-22,-1354440.780000001,225000000
370,2018-08-23,-1817579.469999999,225000000
371,2018-08-24,590814.9700000002,225000000
372,2018-08-27,1726053.479999998,225000000
373,2018-08-28,4657965.920000003,225000000
374,2018-08-29,-268082.0599999958,225000000
375,2018-08-30,-955170.870000001,225000000
376,2018-08-31,344318.85,225000000
377,2018-09-03,-103571.50999999979,225000000
378,2018-09-04,-1688804.489999999,225000000
379,2018-09-05,1319324.799999999,225000000
380,2018-09-06,-3072967.15,225000000
381,2018-09-07,-760502.3500000002,225000000
382,2018-09-10,-1368155.3900000006,225000000
383,2018-09-11,-1110016.519999998,225000000
384,2018-09-12,1288721.029999998,225000000
385,2018-09-13,201221.06999999983,225000000
386,2018-09-14,788094.6900000001,225000000
387,2018-09-17,1486885.079999998,225000000
388,2018-09-18,168474.3199999989,225000000
389,2018-09-19,1780637.7199999958,225000000
390,2018-09-20,-830413.8299999997,225000000
391,2018-09-21,-510486.359999998,225000000
392,2018-09-24,-3458571.7399999998,225000000
393,2018-09-25,-1560653.9599999997,225000000
394,2018-09-26,579406.8900000016,225000000
395,2018-09-27,-920930.8899999977,225000000
396,2018-09-28,-413436.1599999993,225000000
397,2018-10-01,2485257.52,225000000
398,2018-10-02,1836646.3199999994,225000000
399,2018-10-03,1847053.1399999997,225000000
400,2018-10-04,3684739.529999999,225000000
401,2018-10-05,99258.47000000099,225000000
402,2018-10-08,1593249.7199999997,225000000
403,2018-10-09,-959996.0300000005,225000000
404,2018-10-10,-727277.1700000003,225000000
405,2018-10-11,-20644.299999997722,225000000
406,2018-10-12,3389792.429999997,300000000
407,2018-10-15,-1100306.28,300000000
408,2018-10-16,3931636.609999997,300000000
409,2018-10-17,725493.6099999998,300000000
410,2018-10-18,-676768.7499999984,300000000
411,2018-10-19,-442246.01000000257,300000000
412,2018-10-22,-1461530.5300000014,300000000
413,2018-10-23,-725526.73,300000000
414,2018-10-24,-4664657.760000002,300000000
415,2018-10-25,4583683.949999999,300000000
416,2018-10-26,-2024512.7099999993,300000000
417,2018-10-29,-3839237.3,300000000
418,2018-10-30,-81569.49999999783,300000000
419,2018-10-31,1692196.2499999963,300000000
420,2018-11-01,2643706.259999998,300000000
421,2018-11-02,2071369.47,300000000
422,2018-11-05,-937680.8400000001,300000000
423,2018-11-06,15858.199999997873,300000000
424,2018-11-07,2055664.4699999997,300000000
425,2018-11-08,1977282.790000002,300000000
426,2018-11-09,-823359.1300000024,300000000
427,2018-11-12,-832036.6100000014,300000000
428,2018-11-13,-213607.36000000237,300000000
429,2018-11-14,-2715488.379999998,300000000
430,2018-11-15,3685699.6899999827,300000000
431,2018-11-16,555560.1599999978,300000000
432,2018-11-19,-1578386.209999999,300000000
433,2018-11-20,-411638.7400000001,300000000
434,2018-11-21,4004451.1399999973,300000000
435,2018-11-22,0.01,300000000
436,2018-11-23,-622832.6600000001,300000000
437,2018-11-26,2401377.6999999997,300000000
438,2018-11-27,-3378312.09,300000000
439,2018-11-28,640678.2800000008,300000000
440,2018-11-29,454372.2900000011,300000000
441,2018-11-30,732262.1699999998,300000000
442,2018-12-03,84843.57999999949,300000000
443,2018-12-04,-285492.6200000002,300000000
444,2018-12-05,8084.77,300000000
445,2018-12-06,1530692.7700000003,300000000
446,2018-12-07,-1353604.0500000021,300000000
447,2018-12-10,-56734.49000000159,300000000
448,2018-12-11,-1125868.3299999996,300000000
449,2018-12-12,792152.9500000001,300000000
450,2018-12-13,-4368130.79,300000000
451,2018-12-14,258627.12000000104,300000000
452,2018-12-17,1588123.220000001,300000000
453,2018-12-18,-2902698.58,300000000
454,2018-12-19,-1963598.27,300000000
455,2018-12-20,-3898925.589999998,300000000
456,2018-12-21,-3199845.759999995,225000000
457,2018-12-24,453648.8499999995,225000000
458,2018-12-25,-0.01,225000000
459,2018-12-26,-2710672.730000003,225000000
460,2018-12-27,307355.5700000024,225000000
461,2018-12-28,1489359.9899999984,225000000
462,2018-12-31,3447978.7900000005,225000000
463,2019-01-02,1599486.6500000039,225000000
464,2019-01-03,-1409639.3499999985,225000000
465,2019-01-04,4210103.589999999,225000000
466,2019-01-07,4056972.899999997,225000000
467,2019-01-08,-1980824.9899999981,225000000
468,2019-01-09,-1575737.2499999995,225000000
469,2019-01-10,-390515.6900000002,225000000
470,2019-01-11,301950.3100000002,225000000
471,2019-01-14,-1365712.749999999,225000000
472,2019-01-15,300825.67999999947,225000000
473,2019-01-16,1836838.8299999957,225000000
474,2019-01-17,4324.769999996252,225000000
475,2019-01-18,248889.03999999785,225000000
476,2019-01-21,0.02,225000000
477,2019-01-22,-1101745.81,225000000
478,2019-01-23,-1569557.3900000001,225000000
479,2019-01-24,2159703.2,225000000
480,2019-01-25,2487643.4699999993,225000000
481,2019-01-28,-236561.75000000035,225000000
482,2019-01-29,945897.8199999995,225000000
483,2019-01-30,2346576.0199999986,225000000
484,2019-01-31,558820.1600000004,225000000
485,2019-02-01,1229082.93,225000000
486,2019-02-04,728104.92,225000000
487,2019-02-05,773329.4999999979,225000000
488,2019-02-06,-8663.229999997659,225000000
489,2019-02-07,-426776.5099999981,225000000
490,2019-02-08,2083713.0500000014,225000000
491,2019-02-11,1479159.38,225000000
492,2019-02-12,-1033482.7599999998,225000000
493,2019-02-13,-1359514.2699999998,225000000
494,2019-02-14,-1826046.4300000006,225000000
495,2019-02-15,1019873.6800000006,225000000
496,2019-02-18,-0.0100000000002182,300000000
497,2019-02-19,597548.4199999982,300000000
498,2019-02-20,1426833.0499999996,300000000
499,2019-02-21,-540354.6099999996,300000000
500,2019-02-22,-3022126.859999999,300000000
501,2019-02-25,568892.7800000007,300000000
502,2019-02-26,833128.0399999999,300000000
503,2019-02-27,-3511116.21,300000000
504,2019-02-28,-939904.3300000009,300000000
505,2019-03-01,169340.75000000215,300000000
506,2019-03-04,756099.7399999952,300000000
507,2019-03-05,299046.02999999793,300000000
508,2019-03-06,3101613.990000001,300000000
509,2019-03-07,818513.0900000001,300000000
510,2019-03-08,129373.14000000025,300000000
511,2019-03-11,-56826.04000000028,300000000
512,2019-03-12,504171.0800000009,300000000
513,2019-03-13,1450613.0300000014,300000000
514,2019-03-14,-1924315.3699999964,300000000
515,2019-03-15,-77582.99000000091,300000000
516,2019-03-18,87255.8699999997,300000000
517,2019-03-19,1450060.6699999997,300000000
518,2019-03-20,595230.049999998,300000000
519,2019-03-21,2285448.38999999,300000000
520,2019-03-22,934303.189999995,300000000
521,2019-03-25,1884630.3699999999,300000000
522,2019-03-26,-214322.84000000014,300000000
523,2019-03-27,172076.34000000026,300000000
524,2019-03-28,635673.5699999998,300000000
525,2019-03-29,1356207.4600000002,300000000
526,2019-03-31,0.0,300000000
527,2019-04-01,-81005.26000000151,300000000
528,2019-04-02,414337.8799999989,300000000
529,2019-04-03,1801150.5800000022,300000000
530,2019-04-04,-365275.2900000001,300000000
531,2019-04-05,-670273.2800000024,300000000
532,2019-04-08,-2229107.250000002,300000000
533,2019-04-09,-2975364.619999996,300000000
534,2019-04-10,-347583.52999999985,300000000
535,2019-04-11,1809037.4599999995,300000000
536,2019-04-12,1276650.68,300000000
537,2019-04-15,1051146.8099999991,300000000
538,2019-04-16,2249594.0099999993,300000000
539,2019-04-17,978935.159999999,300000000
540,2019-04-18,192123.72000000125,300000000
541,2019-04-22,72983.03999999768,300000000
542,2019-04-23,1128739.310000002,300000000
543,2019-04-24,-199492.13999999996,300000000
544,2019-04-25,211974.0400000005,300000000
545,2019-04-26,482785.89999999973,300000000
546,2019-04-29,808339.8399999974,300000000
547,2019-04-30,1095297.71,300000000
548,2019-05-01,-1707770.4899999998,300000000
549,2019-05-02,-399777.43000000017,300000000
550,2019-05-03,-224724.67999999927,300000000
551,2019-05-06,-605415.8200000011,300000000
552,2019-05-07,-1044675.5699999994,300000000
553,2019-05-08,-673715.1199999995,300000000
554,2019-05-09,2498737.61,300000000
555,2019-05-10,616580.8299999996,300000000
556,2019-05-13,-770863.2800000006,300000000
557,2019-05-14,494950.899999994,300000000
558,2019-05-15,2296693.5200000023,300000000
559,2019-05-16,-1885566.969999999,300000000
560,2019-05-17,657315.8799999993,300000000
561,2019-05-20,-3348193.449999997,300000000
562,2019-05-21,-732940.31,300000000
563,2019-05-22,-1063848.6999999979,300000000
564,2019-05-23,-347411.77999999933,300000000
565,2019-05-24,633858.52,300000000
566,2019-05-27,-0.02,300000000
567,2019-05-28,-747533.3999999997,300000000
568,2019-05-29,3192875.04,300000000
569,2019-05-30,-214807.93000000156,300000000
570,2019-05-31,-1196166.6100000013,300000000
571,2019-06-03,-1333388.0499999914,300000000
572,2019-06-04,-626211.2299999967,300000000
573,2019-06-05,-505322.6000000026,300000000
574,2019-06-06,-850124.5299999987,300000000
575,2019-06-07,416770.11999999563,300000000
576,2019-06-10,-2692993.9400000004,300000000
577,2019-06-11,-178144.42999999906,300000000
578,2019-06-12,1429225.759999998,300000000
579,2019-06-13,1602749.6800000002,300000000
580,2019-06-14,1228875.6499999987,300000000
581,2019-06-17,2485764.9300000006,300000000
582,2019-06-18,-2050118.9100000034,300000000
583,2019-06-19,851658.7200000001,300000000
584,2019-06-20,1788595.04,300000000
585,2019-06-21,819963.9799999994,300000000
586,2019-06-24,-1326176.8999999983,300000000
587,2019-06-25,600167.11,300000000
588,2019-06-26,942031.8099999999,300000000
589,2019-06-27,1336531.5100000002,300000000
590,2019-06-28,-447617.4500000012,300000000
591,2019-06-30,0.0,300000000
592,2019-07-01,1465626.9399999995,300000000
593,2019-07-02,-450554.4700000025,300000000
594,2019-07-03,-1456640.8200000003,300000000
595,2019-07-04,-2659.5,300000000
596,2019-07-05,692929.5899999981,300000000
597,2019-07-08,-337370.5099999991,300000000
598,2019-07-09,-699691.6399999984,300000000
599,2019-07-10,-438220.44000000076,300000000
600,2019-07-11,-2075416.9699999997,300000000
601,2019-07-12,-84135.05999999927,300000000
602,2019-07-15,-1093340.609999998,300000000
603,2019-07-16,-1114537.9900000012,300000000
604,2019-07-17,114076.03999999928,300000000
605,2019-07-18,-1226496.7700000019,300000000
606,2019-07-19,-522210.76000000053,300000000
607,2019-07-22,-2768994.2499999986,300000000
608,2019-07-23,2840336.109999997,300000000
609,2019-07-24,645551.3300000024,300000000
610,2019-07-25,-3751177.609999998,300000000
611,2019-07-26,-956132.1199999987,300000000
612,2019-07-29,-1852472.04,300000000
613,2019-07-30,2265524.819999999,300000000
614,2019-07-31,-2873791.4399999985,300000000
615,2019-08-01,94851.46999999968,300000000
616,2019-08-02,-1188165.449999999,300000000
617,2019-08-05,-4133906.0999999996,300000000
618,2019-08-06,2112616.090000003,300000000
619,2019-08-07,-369050.1699999997,300000000
620,2019-08-08,1802991.0599999998,300000000
621,2019-08-09,-3557984.4300000006,300000000
622,2019-08-12,-3239684.9299999997,300000000
623,2019-08-13,6253052.840000002,300000000
624,2019-08-14,1260019.0800000008,300000000
625,2019-08-15,-1155581.7499999972,300000000
626,2019-08-16,609840.0799999961,300000000
627,2019-08-19,-267017.4499999969,300000000
628,2019-08-20,-1647407.9199999985,300000000
629,2019-08-21,370027.8199999991,300000000
630,2019-08-22,1516925.72,300000000
631,2019-08-23,-4158051.509999997,300000000
632,2019-08-26,-99426.13000000178,300000000
633,2019-08-27,-2190091.18,300000000
634,2019-08-28,2332699.299999999,300000000
635,2019-08-29,1770458.0699999984,300000000
636,2019-08-30,488532.42999999766,300000000
637,2019-09-02,-28002.489999999998,300000000
638,2019-09-03,340803.579999998,300000000
639,2019-09-04,1092493.53,300000000
640,2019-09-05,3450069.239999997,300000000
641,2019-09-06,1850266.3599999978,300000000
642,2019-09-09,3623985.799999988,300000000
643,2019-09-10,7229618.87999998,300000000
644,2019-09-11,-183739.3700000023,300000000
645,2019-09-12,-2678272.319999999,300000000
646,2019-09-13,909546.2299999999,300000000
647,2019-09-16,2792632.6800000025,300000000
648,2019-09-17,-2592457.0900000003,300000000
649,2019-09-18,-2305571.1499999976,300000000
650,2019-09-19,2534060.8,300000000
651,2019-09-20,-712940.8400000022,300000000
652,2019-09-23,2058774.55,300000000
653,2019-09-24,-1432486.569999998,300000000
654,2019-09-25,884662.4399999981,300000000
655,2019-09-26,-454242.32000000053,300000000
656,2019-09-27,-320728.7900000001,300000000
657,2019-09-30,-2970749.3600000003,300000000
658,2019-10-01,-2372658.580000001,300000000
659,2019-10-02,868371.480000001,300000000
660,2019-10-03,1552483.660000001,300000000
661,2019-10-04,-609703.45,300000000
662,2019-10-07,3244287.0500000007,300000000
663,2019-10-08,-510393.3799999975,300000000
664,2019-10-09,-1069018.8499999978,300000000
665,2019-10-10,1219182.149999996,300000000
666,2019-10-11,-119062.66000000041,300000000
667,2019-10-14,-2171401.089999999,300000000
668,2019-10-15,2482735.369999998,300000000
669,2019-10-16,-1845098.5500000003,300000000
670,2019-10-17,-1886739.1199999992,300000000
671,2019-10-18,1289237.6999999988,300000000
672,2019-10-21,1293879.2599999995,300000000
673,2019-10-22,538776.6299999998,300000000
674,2019-10-23,4333759.679999999,300000000
675,2019-10-24,824117.6799999948,300000000
676,2019-10-25,1388870.3399999999,300000000
677,2019-10-28,250077.95000000205,300000000
678,2019-10-29,-1723923.7500000023,300000000
679,2019-10-30,851053.6500000022,300000000
680,2019-10-31,-1771432.3199999994,300000000
681,2019-11-01,560363.7099999996,300000000
682,2019-11-04,1289667.6299999997,300000000
683,2019-11-05,-2637924.560000001,300000000
684,2019-11-06,-5343147.709999972,300000000
685,2019-11-07,1746010.0800000005,300000000
686,2019-11-08,-3028317.22,300000000
687,2019-11-11,71235.7799999981,300000000
688,2019-11-12,40624.729999999094,300000000
689,2019-11-13,-567316.0399999979,300000000
690,2019-11-14,-1658823.379999999,300000000
691,2019-11-15,1271608.3299999977,300000000
692,2019-11-18,-1294577.31,300000000
693,2019-11-19,-6413416.329999996,300000000
694,2019-11-20,703763.6800000002,300000000
695,2019-11-21,1695934.7699999998,300000000
696,2019-11-22,2620909.9399999976,300000000
697,2019-11-25,-1647913.82,300000000
698,2019-11-26,-2423971.639999988,300000000
699,2019-11-27,-1003728.1499999985,300000000
700,2019-11-28,-732.0,300000000
701,2019-11-29,-880164.4400000002,300000000
702,2019-11-30,7.9,300000000
703,2019-12-02,3003269.080000001,300000000
704,2019-12-03,1336800.1300000004,300000000
705,2019-12-04,-15658498.53,300000000
706,2019-12-05,439947.689999999,300000000
707,2019-12-06,4406932.26,300000000
708,2019-12-09,-2864192.4599999986,300000000
709,2019-12-10,4863593.869999997,300000000
710,2019-12-11,-1695458.0899999985,300000000
711,2019-12-12,2702153.319999998,300000000
712,2019-12-13,2293236.540000001,300000000
713,2019-12-16,-611365.5199999989,300000000
714,2019-12-17,-589795.8000000019,300000000
715,2019-12-18,1618484.4299999995,300000000
716,2019-12-19,376515.10999999987,350000000
717,2019-12-20,460705.9900000006,350000000
718,2019-12-23,3077302.8400000003,350000000
719,2019-12-24,942227.4899999987,350000000
720,2019-12-26,674161.3499999999,350000000
721,2019-12-27,-854952.3800000015,350000000
722,2019-12-30,-816289.7299999996,350000000
723,2019-12-31,3269119.1999999997,350000000
724,2020-01-02,-1110980.3699999976,350000000
725,2020-01-03,540862.5100000022,350000000
726,2020-01-06,2807322.6399999997,350000000
727,2020-01-07,872381.5399999998,350000000
728,2020-01-08,2088717.0199999958,350000000
729,2020-01-09,-1429346.119999999,350000000
730,2020-01-10,448171.9000000001,350000000
731,2020-01-13,7752998.999999998,350000000
732,2020-01-14,7647501.059999998,350000000
